Date,Open,High,Low,Close,Adj Close,Volume
2008-01-01,33.20000076293945,34.0,31.0,33.349998474121094,33.11800003051758,76344
2008-01-08,34.849998474121094,35.04999923706055,29.200000762939453,29.75,29.54304313659668,48335
2008-01-15,28.700000762939453,30.399999618530273,27.100000381469727,27.100000381469727,26.91147804260254,16866
2008-01-22,27.100000381469727,27.100000381469727,25.149999618530273,25.149999618530273,24.97504234313965,1660
2008-01-29,25.149999618530273,25.149999618530273,20.649999618530273,22.0,21.846956253051758,3958
2008-02-05,22.899999618530273,23.5,20.25,20.649999618530273,20.50634765625,6750
2008-02-12,20.700000762939453,21.75,18.75,21.75,21.598695755004883,10455
2008-02-19,21.299999237060547,23.0,20.850000381469727,20.850000381469727,20.7049560546875,14688
2008-02-26,21.899999618530273,22.0,19.549999237060547,19.549999237060547,19.413999557495117,28375
2008-03-04,18.899999618530273,20.799999237060547,17.100000381469727,17.25,17.1299991607666,18856
2008-03-11,17.299999237060547,21.0,17.299999237060547,19.25,19.116086959838867,107475
2008-03-18,19.799999237060547,19.799999237060547,15.800000190734863,16.0,15.88869571685791,62595
2008-03-25,16.950000762939453,18.399999618530273,15.600000381469727,17.149999618530273,17.03069496154785,17201
2008-04-01,17.350000381469727,18.0,17.0,17.950000762939453,17.825130462646484,11311
2008-04-08,18.049999237060547,21.0,17.399999618530273,19.0,18.867826461791992,24693
2008-04-15,20.5,21.350000381469727,19.049999237060547,20.600000381469727,20.456695556640625,15759
2008-04-22,20.600000381469727,23.5,19.549999237060547,22.75,22.591739654541016,44407
2008-04-29,22.549999237060547,23.799999237060547,21.700000762939453,23.0,22.84000015258789,23557
2008-05-06,22.700000762939453,25.0,20.5,23.0,22.84000015258789,98707
2008-05-13,23.799999237060547,25.0,22.0,23.200000762939453,23.038610458374023,44133
2008-05-20,24.5,24.5,18.100000381469727,20.299999237060547,20.158781051635742,38836
2008-05-27,20.25,21.950000762939453,19.149999618530273,19.649999618530273,19.513303756713867,21862
2008-06-03,18.100000381469727,20.100000381469727,16.0,17.049999237060547,16.9313907623291,21019
2008-06-10,16.0,21.399999618530273,16.0,18.799999237060547,18.66921615600586,15409
2008-06-17,19.299999237060547,21.0,16.799999237060547,17.799999237060547,17.67617416381836,19763
2008-06-24,16.049999237060547,18.799999237060547,14.25,16.100000381469727,15.988000869750977,16733
2008-07-01,15.5,17.75,13.5,16.950000762939453,16.832088470458984,12702
2008-07-08,14.0,17.75,14.0,16.950000762939453,16.832088470458984,12390
2008-07-15,16.5,18.200000762939453,16.0,16.700000762939453,16.583826065063477,7655
2008-07-22,16.0,19.200000762939453,16.0,18.649999618530273,18.520259857177734,26227
2008-07-29,18.649999618530273,18.649999618530273,18.649999618530273,18.649999618530273,18.520259857177734,0
2008-08-05,18.649999618530273,18.649999618530273,18.649999618530273,18.649999618530273,18.520259857177734,0
2008-08-12,18.649999618530273,25.5,18.649999618530273,24.5,24.329565048217773,7312
2008-08-19,24.950000762939453,25.549999237060547,23.25,23.25,23.088260650634766,23651
2008-08-26,22.600000381469727,23.700000762939453,22.100000381469727,23.0,22.84000015258789,16203
2008-09-02,23.0,24.0,22.5,23.5,23.33652114868164,10903
2008-09-09,23.200000762939453,23.899999618530273,21.299999237060547,21.299999237060547,21.151824951171875,12448
2008-09-16,21.100000381469727,21.600000381469727,19.75,21.549999237060547,21.40008544921875,8537
2008-09-23,21.850000381469727,22.399999618530273,19.600000381469727,19.950000762939453,19.81121826171875,17670
2008-09-30,19.0,19.100000381469727,17.75,17.899999618530273,17.77547836303711,6062
2008-10-07,17.0,17.75,16.200000762939453,16.200000762939453,16.087305068969727,8730
2008-10-14,16.5,16.5,13.850000381469727,13.850000381469727,13.753652572631836,7362
2008-10-21,13.199999809265137,13.550000190734863,12.550000190734863,12.550000190734863,12.462696075439453,2246
2008-10-28,12.550000190734863,12.550000190734863,11.350000381469727,11.350000381469727,11.27104377746582,1000
2008-11-04,10.800000190734863,12.050000190734863,10.800000190734863,11.0,10.923478126525879,2907
2008-11-11,11.0,11.25,11.0,11.25,11.17173957824707,700
2008-11-18,11.25,11.25,11.25,11.25,11.17173957824707,0
2008-11-25,10.0,10.5,10.0,10.5,10.426956176757812,300
2008-12-02,10.5,10.5,10.5,10.5,10.426956176757812,95
2008-12-09,10.5,10.5,10.0,10.5,10.426956176757812,3821
2008-12-16,10.600000381469727,11.600000381469727,10.600000381469727,11.0,10.923478126525879,12808
2008-12-23,11.0,11.300000190734863,10.649999618530273,10.649999618530273,10.575912475585938,550
2008-12-30,10.649999618530273,10.649999618530273,10.649999618530273,10.649999618530273,10.575912475585938,0
2009-01-06,10.649999618530273,10.649999618530273,10.649999618530273,10.649999618530273,10.575912475585938,0
2009-01-13,10.649999618530273,10.649999618530273,10.649999618530273,10.649999618530273,10.575912475585938,0
2009-01-20,9.350000381469727,10.699999809265137,8.850000381469727,10.699999809265137,10.625565528869629,2801
2009-01-27,8.899999618530273,9.800000190734863,8.899999618530273,9.699999809265137,9.632521629333496,2102
2009-02-03,9.449999809265137,10.699999809265137,9.350000381469727,10.699999809265137,10.625565528869629,5089
2009-02-10,10.699999809265137,11.0,9.5,10.699999809265137,10.625565528869629,6060
2009-02-17,9.050000190734863,10.699999809265137,8.449999809265137,10.699999809265137,10.625565528869629,1870
2009-02-24,8.75,10.699999809265137,8.399999618530273,9.300000190734863,9.235304832458496,3342
2009-03-03,9.800000190734863,9.800000190734863,8.5,8.850000381469727,8.788434982299805,7071
2009-03-10,8.850000381469727,10.5,8.75,9.0,8.93739128112793,14768
2009-03-17,9.0,9.5,8.050000190734863,9.149999618530273,9.086347579956055,8791
2009-03-24,9.0,9.100000381469727,8.0,8.399999618530273,8.341565132141113,3526
2009-03-31,8.300000190734863,9.850000381469727,8.100000381469727,9.699999809265137,9.632521629333496,7511
2009-04-07,9.699999809265137,11.850000381469727,8.850000381469727,11.850000381469727,11.767565727233887,8848
2009-04-14,11.850000381469727,13.649999618530273,11.850000381469727,13.649999618530273,13.55504322052002,9855
2009-04-21,13.100000381469727,13.649999618530273,11.5,13.649999618530273,13.55504322052002,25361
2009-04-28,13.600000381469727,15.149999618530273,13.0,13.649999618530273,13.55504322052002,30585
2009-05-05,15.899999618530273,16.75,13.649999618530273,13.649999618530273,13.55504322052002,8940
2009-05-12,13.649999618530273,13.649999618530273,13.649999618530273,13.649999618530273,13.55504322052002,0
2009-05-19,13.649999618530273,13.649999618530273,13.649999618530273,13.649999618530273,13.55504322052002,0
2009-05-26,13.649999618530273,13.649999618530273,13.649999618530273,13.649999618530273,13.55504322052002,0
2009-06-02,13.649999618530273,13.649999618530273,13.649999618530273,13.649999618530273,13.55504322052002,0
2009-06-09,13.649999618530273,13.649999618530273,13.649999618530273,13.649999618530273,13.55504322052002,0
2009-06-16,13.649999618530273,13.649999618530273,13.649999618530273,13.649999618530273,13.55504322052002,0
2009-06-23,13.649999618530273,13.649999618530273,13.649999618530273,13.649999618530273,13.55504322052002,0
2009-06-30,13.649999618530273,13.649999618530273,13.649999618530273,13.649999618530273,13.55504322052002,0
2009-07-07,13.649999618530273,13.649999618530273,13.649999618530273,13.649999618530273,13.55504322052002,0
2009-07-14,13.649999618530273,13.649999618530273,13.649999618530273,13.649999618530273,13.55504322052002,0
2009-07-21,13.649999618530273,13.649999618530273,13.649999618530273,13.649999618530273,13.55504322052002,0
2009-07-28,13.649999618530273,13.649999618530273,13.649999618530273,13.649999618530273,13.55504322052002,0
2009-08-04,13.649999618530273,13.649999618530273,13.649999618530273,13.649999618530273,13.55504322052002,0
2009-08-11,13.649999618530273,13.649999618530273,13.649999618530273,13.649999618530273,13.55504322052002,0
2009-08-18,13.649999618530273,13.649999618530273,13.649999618530273,13.649999618530273,13.55504322052002,0
2009-08-25,13.649999618530273,13.649999618530273,13.649999618530273,13.649999618530273,13.55504322052002,0
2009-09-01,13.649999618530273,13.649999618530273,13.649999618530273,13.649999618530273,13.55504322052002,0
2009-09-08,13.649999618530273,13.649999618530273,13.649999618530273,13.649999618530273,13.55504322052002,0
2009-09-15,13.649999618530273,13.649999618530273,13.649999618530273,13.649999618530273,13.55504322052002,0
2009-09-22,13.649999618530273,13.649999618530273,13.649999618530273,13.649999618530273,13.55504322052002,0
2009-09-29,13.649999618530273,13.649999618530273,13.649999618530273,13.649999618530273,13.55504322052002,0
2009-10-06,13.649999618530273,13.649999618530273,13.649999618530273,13.649999618530273,13.55504322052002,0
2009-10-13,13.649999618530273,13.649999618530273,13.649999618530273,13.649999618530273,13.55504322052002,0
2009-10-20,13.649999618530273,13.649999618530273,13.649999618530273,13.649999618530273,13.55504322052002,0
2009-10-27,13.649999618530273,13.649999618530273,13.649999618530273,13.649999618530273,13.55504322052002,0
2009-11-03,13.649999618530273,13.649999618530273,13.649999618530273,13.649999618530273,13.55504322052002,0
2009-11-10,13.649999618530273,13.649999618530273,13.649999618530273,13.649999618530273,13.55504322052002,0
2009-11-17,13.649999618530273,13.649999618530273,13.649999618530273,13.649999618530273,13.55504322052002,0
2009-11-24,13.649999618530273,13.649999618530273,13.649999618530273,13.649999618530273,13.55504322052002,0
2009-12-01,13.649999618530273,13.649999618530273,13.649999618530273,13.649999618530273,13.55504322052002,0
2009-12-08,13.649999618530273,13.649999618530273,13.649999618530273,13.649999618530273,13.55504322052002,0
2009-12-15,13.649999618530273,13.649999618530273,13.649999618530273,13.649999618530273,13.55504322052002,0
2009-12-22,13.649999618530273,13.649999618530273,13.649999618530273,13.649999618530273,13.55504322052002,0
2009-12-29,13.649999618530273,13.649999618530273,13.649999618530273,13.649999618530273,13.55504322052002,0
2010-01-05,13.649999618530273,13.649999618530273,13.649999618530273,13.649999618530273,13.55504322052002,0
2010-01-12,13.649999618530273,13.649999618530273,13.649999618530273,13.649999618530273,13.55504322052002,0
2010-01-19,13.649999618530273,13.649999618530273,13.649999618530273,13.649999618530273,13.55504322052002,0
2010-01-26,13.649999618530273,13.649999618530273,13.649999618530273,13.649999618530273,13.55504322052002,0
2010-02-02,13.649999618530273,13.649999618530273,13.649999618530273,13.649999618530273,13.55504322052002,0
2010-02-09,13.649999618530273,13.649999618530273,13.649999618530273,13.649999618530273,13.55504322052002,0
2010-02-16,13.649999618530273,13.649999618530273,13.649999618530273,13.649999618530273,13.55504322052002,0
2010-02-23,13.649999618530273,13.649999618530273,13.649999618530273,13.649999618530273,13.55504322052002,0
2010-03-02,13.649999618530273,13.649999618530273,13.649999618530273,13.649999618530273,13.55504322052002,0
2010-03-09,13.649999618530273,13.649999618530273,13.649999618530273,13.649999618530273,13.55504322052002,0
2010-03-16,13.649999618530273,13.649999618530273,13.649999618530273,13.649999618530273,13.55504322052002,0
2010-03-23,13.649999618530273,13.649999618530273,13.649999618530273,13.649999618530273,13.55504322052002,0
2010-03-30,13.649999618530273,13.649999618530273,13.649999618530273,13.649999618530273,13.55504322052002,0
2010-04-06,13.649999618530273,13.649999618530273,13.649999618530273,13.649999618530273,13.55504322052002,0
2010-04-13,13.649999618530273,13.649999618530273,13.649999618530273,13.649999618530273,13.55504322052002,0
2010-04-20,13.649999618530273,13.649999618530273,13.649999618530273,13.649999618530273,13.55504322052002,0
2010-04-27,13.649999618530273,13.649999618530273,13.649999618530273,13.649999618530273,13.55504322052002,0
2010-05-04,13.649999618530273,13.649999618530273,13.649999618530273,13.649999618530273,13.55504322052002,0
2010-05-11,13.649999618530273,13.649999618530273,13.649999618530273,13.649999618530273,13.55504322052002,0
2010-05-18,13.649999618530273,13.649999618530273,13.649999618530273,13.649999618530273,13.55504322052002,0
2010-05-25,13.649999618530273,13.649999618530273,13.649999618530273,13.649999618530273,13.55504322052002,0
2010-06-01,13.649999618530273,13.649999618530273,13.649999618530273,13.649999618530273,13.55504322052002,0
2010-06-08,13.649999618530273,13.649999618530273,13.649999618530273,13.649999618530273,13.55504322052002,0
2010-06-15,13.649999618530273,13.649999618530273,13.649999618530273,13.649999618530273,13.55504322052002,0
2010-06-22,13.649999618530273,13.649999618530273,13.649999618530273,13.649999618530273,13.55504322052002,0
2010-06-29,13.649999618530273,13.649999618530273,13.649999618530273,13.649999618530273,13.55504322052002,0
2010-07-06,13.649999618530273,13.649999618530273,13.649999618530273,13.649999618530273,13.55504322052002,0
2010-07-13,13.649999618530273,13.649999618530273,13.649999618530273,13.649999618530273,13.55504322052002,0
2010-07-20,13.649999618530273,13.649999618530273,13.649999618530273,13.649999618530273,13.55504322052002,0
2010-07-27,13.649999618530273,13.649999618530273,13.649999618530273,13.649999618530273,13.55504322052002,0
2010-08-03,13.649999618530273,13.649999618530273,13.649999618530273,13.649999618530273,13.55504322052002,0
2010-08-10,13.649999618530273,13.649999618530273,13.649999618530273,13.649999618530273,13.55504322052002,0
2010-08-17,13.649999618530273,13.649999618530273,13.649999618530273,13.649999618530273,13.55504322052002,0
2010-08-24,13.649999618530273,13.649999618530273,4.699999809265137,4.949999809265137,4.915565013885498,210
2010-08-31,4.449999809265137,5.449999809265137,4.400000095367432,4.949999809265137,4.915565013885498,27847
2010-09-07,5.0,5.699999809265137,4.699999809265137,5.400000095367432,5.3624348640441895,45709
2010-09-14,5.300000190734863,8.350000381469727,5.150000095367432,6.949999809265137,6.901651859283447,1545478
2010-09-21,7.25,7.25,5.599999904632568,6.449999809265137,6.405130386352539,498232
2010-09-28,6.5,6.949999809265137,6.099999904632568,6.400000095367432,6.355478286743164,286787
2010-10-05,6.599999904632568,6.650000095367432,6.0,6.050000190734863,6.007913112640381,168114
2010-10-12,6.0,6.25,5.199999809265137,5.650000095367432,5.610695838928223,99899
2010-10-19,6.599999904632568,6.599999904632568,5.199999809265137,5.599999904632568,5.5610432624816895,109617
2010-10-26,5.550000190734863,6.199999809265137,4.5,5.300000190734863,5.2631306648254395,66579
2010-11-02,5.75,5.900000095367432,4.650000095367432,5.699999809265137,5.6603474617004395,63263
2010-11-09,5.800000190734863,6.449999809265137,5.400000095367432,5.5,5.4617390632629395,162251
2010-11-16,5.300000190734863,5.75,5.099999904632568,5.25,5.213478088378906,75615
2010-11-23,5.25,5.599999904632568,4.5,4.800000190734863,4.766608715057373,62031
2010-11-30,4.800000190734863,5.449999809265137,4.599999904632568,4.75,4.716956615447998,136955
2010-12-07,4.699999809265137,4.949999809265137,3.9000000953674316,4.400000095367432,4.369391441345215,90336
2010-12-14,4.199999809265137,5.050000190734863,4.150000095367432,4.800000190734863,4.766608715057373,110986
2010-12-21,4.599999904632568,5.849999904632568,4.599999904632568,5.5,5.4617390632629395,177237
2010-12-28,5.050000190734863,5.900000095367432,5.050000190734863,5.449999809265137,5.4120869636535645,121313
2011-01-04,5.25,5.599999904632568,4.5,4.75,4.716956615447998,152824
2011-01-11,5.0,5.099999904632568,3.700000047683716,4.449999809265137,4.41904354095459,92303
2011-01-18,4.449999809265137,4.75,4.099999904632568,4.349999904632568,4.319738864898682,35014
2011-01-25,4.349999904632568,4.900000095367432,4.0,4.150000095367432,4.121130466461182,73432
2011-02-01,4.199999809265137,5.099999904632568,4.050000190734863,4.75,4.716956615447998,133556
2011-02-08,5.199999809265137,5.199999809265137,3.799999952316284,4.199999809265137,4.170782566070557,89477
2011-02-15,4.449999809265137,4.5,4.0,4.150000095367432,4.121130466461182,41006
2011-02-22,4.150000095367432,4.5,3.700000047683716,4.099999904632568,4.071478366851807,59952
2011-03-01,4.0,4.400000095367432,3.950000047683716,4.050000190734863,4.021826267242432,30449
2011-03-08,3.9000000953674316,4.300000190734863,3.799999952316284,3.8499999046325684,3.8232173919677734,75795
2011-03-15,3.950000047683716,4.199999809265137,3.5999999046325684,3.6500000953674316,3.6246087551116943,26312
2011-03-22,4.050000190734863,4.199999809265137,3.5999999046325684,3.5999999046325684,3.5749564170837402,106953
2011-03-29,3.450000047683716,3.9000000953674316,3.450000047683716,3.75,3.7239129543304443,49740
2011-04-05,3.799999952316284,4.199999809265137,3.799999952316284,3.950000047683716,3.9225218296051025,85936
2011-04-12,3.950000047683716,4.099999904632568,3.799999952316284,3.8499999046325684,3.8232173919677734,22601
2011-04-19,3.799999952316284,3.950000047683716,3.6500000953674316,3.8499999046325684,3.8232173919677734,28584
2011-04-26,3.700000047683716,3.8499999046325684,3.549999952316284,3.75,3.7239129543304443,34208
2011-05-03,3.700000047683716,3.75,3.1500000953674316,3.5,3.4756522178649902,37981
2011-05-10,3.3499999046325684,3.700000047683716,3.299999952316284,3.549999952316284,3.5253043174743652,14588
2011-05-17,3.700000047683716,3.799999952316284,3.200000047683716,3.25,3.227391242980957,15356
2011-05-24,3.25,3.700000047683716,3.0,3.450000047683716,3.4260001182556152,18596
2011-05-31,3.200000047683716,3.6500000953674316,3.200000047683716,3.5,3.4756522178649902,21747
2011-06-07,3.25,3.700000047683716,3.200000047683716,3.5,3.4756522178649902,18235
2011-06-14,3.25,3.5999999046325684,3.200000047683716,3.299999952316284,3.277043342590332,25243
2011-06-21,3.200000047683716,3.450000047683716,3.0,3.3499999046325684,3.326695680618286,33772
2011-06-28,3.4000000953674316,3.6500000953674316,3.1500000953674316,3.549999952316284,3.5253043174743652,74403
2011-07-05,3.450000047683716,3.5999999046325684,3.25,3.5,3.4756522178649902,57614
2011-07-12,3.5,3.5,3.200000047683716,3.299999952316284,3.277043342590332,17120
2011-07-19,3.25,3.450000047683716,3.0999999046325684,3.200000047683716,3.177739143371582,21127
2011-07-26,3.4000000953674316,3.4000000953674316,3.0,3.1500000953674316,3.128087043762207,34130
2011-08-02,3.0,3.0999999046325684,2.6500000953674316,2.75,2.7308695316314697,56450
2011-08-09,2.75,3.0999999046325684,2.6500000953674316,2.9000000953674316,2.879826307296753,80621
2011-08-16,3.0,3.049999952316284,2.5,2.549999952316284,2.5322608947753906,36928
2011-08-23,2.5,2.9000000953674316,2.5,2.6500000953674316,2.6315653324127197,36389
2011-08-30,2.799999952316284,3.299999952316284,2.700000047683716,3.0,2.979130506515503,33679
2011-09-06,2.9000000953674316,3.3499999046325684,2.75,3.0,2.979130506515503,41330
2011-09-13,3.0999999046325684,3.299999952316284,2.6500000953674316,2.9000000953674316,2.879826307296753,55895
2011-09-20,2.799999952316284,3.1500000953674316,2.549999952316284,2.75,2.7308695316314697,33180
2011-09-27,2.5999999046325684,2.9000000953674316,2.5,2.549999952316284,2.5322608947753906,30839
2011-10-04,2.700000047683716,2.75,2.450000047683716,2.700000047683716,2.6812174320220947,7138
2011-10-11,2.549999952316284,2.75,2.5,2.6500000953674316,2.6315653324127197,20316
2011-10-18,2.6500000953674316,2.8499999046325684,2.549999952316284,2.5999999046325684,2.5819129943847656,10530
2011-10-25,2.450000047683716,2.75,2.4000000953674316,2.75,2.7308695316314697,6267
2011-11-01,2.5,2.799999952316284,2.25,2.5999999046325684,2.5819129943847656,6447
2011-11-08,2.5,2.799999952316284,2.4000000953674316,2.450000047683716,2.4329566955566406,13734
2011-11-15,2.4000000953674316,2.700000047683716,2.049999952316284,2.25,2.2343478202819824,12690
2011-11-22,2.049999952316284,2.6500000953674316,2.049999952316284,2.299999952316284,2.2839999198913574,11856
2011-11-29,2.25,2.549999952316284,2.0,2.3499999046325684,2.3336520195007324,37145
2011-12-06,2.3499999046325684,2.450000047683716,2.049999952316284,2.4000000953674316,2.3833043575286865,12361
2011-12-13,2.4000000953674316,2.4000000953674316,1.850000023841858,1.899999976158142,1.8867826461791992,21598
2011-12-20,2.0,2.1500000953674316,1.7999999523162842,1.9500000476837158,1.9364348649978638,21661
2011-12-27,2.0,2.200000047683716,1.899999976158142,2.200000047683716,2.1846957206726074,7082
2012-01-03,2.0,2.25,2.0,2.1500000953674316,2.1350436210632324,25145
2012-01-10,2.25,2.75,2.0999999046325684,2.549999952316284,2.5322608947753906,121379
2012-01-17,2.549999952316284,2.549999952316284,2.1500000953674316,2.25,2.2343478202819824,27523
2012-01-24,2.1500000953674316,2.5999999046325684,2.0999999046325684,2.299999952316284,2.2839999198913574,85334
2012-01-31,2.450000047683716,3.6500000953674316,2.3499999046325684,3.25,3.227391242980957,542321
2012-02-07,3.200000047683716,3.25,2.5999999046325684,3.049999952316284,3.028782606124878,168182
2012-02-14,2.8499999046325684,3.200000047683716,2.5999999046325684,2.8499999046325684,2.8301737308502197,56262
2012-02-21,2.700000047683716,3.049999952316284,2.4000000953674316,2.549999952316284,2.5322608947753906,122884
2012-02-28,2.549999952316284,2.799999952316284,2.200000047683716,2.75,2.7308695316314697,78875
2012-03-06,2.5,3.0,2.5,2.549999952316284,2.5322608947753906,32128
2012-03-13,2.6500000953674316,2.700000047683716,2.200000047683716,2.450000047683716,2.4329566955566406,41335
2012-03-20,2.25,2.5,2.200000047683716,2.200000047683716,2.1846957206726074,16372
2012-03-27,2.200000047683716,2.450000047683716,2.049999952316284,2.200000047683716,2.1846957206726074,37822
2012-04-03,2.299999952316284,2.3499999046325684,2.1500000953674316,2.1500000953674316,2.1350436210632324,10819
2012-04-10,2.299999952316284,2.3499999046325684,2.049999952316284,2.200000047683716,2.1846957206726074,14710
2012-04-17,2.0999999046325684,2.5,2.0,2.0999999046325684,2.0853912830352783,42351
2012-04-24,2.049999952316284,2.25,2.0,2.0999999046325684,2.0853912830352783,22837
2012-05-01,2.0999999046325684,2.5,2.0,2.200000047683716,2.1846957206726074,228250
2012-05-08,2.049999952316284,2.25,2.0,2.0,1.9860869646072388,97249
2012-05-15,2.049999952316284,2.200000047683716,1.850000023841858,2.0,1.9860869646072388,43182
2012-05-22,1.9500000476837158,2.200000047683716,1.7000000476837158,2.049999952316284,2.0357391834259033,36720
2012-05-29,2.0999999046325684,2.0999999046325684,1.850000023841858,2.0,1.9860869646072388,45103
2012-06-05,2.0,2.0999999046325684,1.850000023841858,2.0,1.9860869646072388,37266
2012-06-12,1.9500000476837158,2.0,1.7999999523162842,1.899999976158142,1.8867826461791992,25652
2012-06-19,1.850000023841858,2.0,1.7999999523162842,1.850000023841858,1.8371304273605347,17386
2012-06-26,2.0,2.0999999046325684,1.899999976158142,2.0999999046325684,2.0853912830352783,18208
2012-07-03,1.9500000476837158,2.5,1.899999976158142,2.299999952316284,2.2839999198913574,161927
2012-07-10,2.25,2.549999952316284,2.049999952316284,2.450000047683716,2.4329566955566406,168162
2012-07-17,2.549999952316284,2.8499999046325684,2.200000047683716,2.3499999046325684,2.3336520195007324,84587
2012-07-24,2.299999952316284,2.549999952316284,2.200000047683716,2.3499999046325684,2.3336520195007324,102736
2012-07-31,2.3499999046325684,3.0,2.25,2.9000000953674316,2.879826307296753,199620
2012-08-07,2.950000047683716,3.0999999046325684,2.4000000953674316,2.450000047683716,2.4329566955566406,85561
2012-08-14,2.5999999046325684,2.5999999046325684,2.25,2.299999952316284,2.2839999198913574,51134
2012-08-21,2.299999952316284,2.6500000953674316,2.299999952316284,2.3499999046325684,2.3336520195007324,89916
2012-08-28,2.450000047683716,2.5,2.25,2.3499999046325684,2.3336520195007324,30424
2012-09-04,2.549999952316284,2.549999952316284,2.200000047683716,2.3499999046325684,2.3336520195007324,62726
2012-09-11,2.25,2.4000000953674316,2.200000047683716,2.299999952316284,2.2839999198913574,26154
2012-09-18,2.25,2.75,2.1500000953674316,2.6500000953674316,2.6315653324127197,109399
2012-09-25,2.75,2.75,2.3499999046325684,2.5,2.4826087951660156,64131
2012-10-02,2.5,2.549999952316284,2.3499999046325684,2.450000047683716,2.4329566955566406,33358
2012-10-09,2.3499999046325684,2.799999952316284,2.200000047683716,2.5999999046325684,2.5819129943847656,142999
2012-10-16,2.5,2.6500000953674316,2.299999952316284,2.450000047683716,2.4329566955566406,39270
2012-10-23,2.299999952316284,2.450000047683716,2.299999952316284,2.299999952316284,2.2839999198913574,28209
2012-10-30,2.3499999046325684,2.4000000953674316,2.25,2.25,2.2343478202819824,35671
2012-11-06,2.25,2.5,2.0,2.25,2.2343478202819824,29152
2012-11-13,2.25,2.3499999046325684,2.0999999046325684,2.1500000953674316,2.1350436210632324,8963
2012-11-20,2.25,2.25,2.0,2.1500000953674316,2.1350436210632324,52918
2012-11-27,2.200000047683716,2.3499999046325684,2.0,2.200000047683716,2.1846957206726074,26608
2012-12-04,2.0999999046325684,2.25,1.9500000476837158,2.0,1.9860869646072388,254227
2012-12-11,2.0,2.049999952316284,1.850000023841858,1.9500000476837158,1.9364348649978638,130959
2012-12-18,1.899999976158142,1.899999976158142,1.7000000476837158,1.75,1.7378261089324951,164546
2012-12-25,1.75,1.7999999523162842,1.5499999523162842,1.649999976158142,1.638521671295166,121712
2013-01-01,1.600000023841858,1.7999999523162842,1.4500000476837158,1.600000023841858,1.588869571685791,316628
2013-01-08,1.899999976158142,1.899999976158142,1.4500000476837158,1.5499999523162842,1.5392173528671265,190551
2013-01-15,1.5,1.600000023841858,1.5,1.5,1.4895652532577515,89546
2013-01-22,1.5,1.5499999523162842,1.4500000476837158,1.5499999523162842,1.5392173528671265,143742
2013-01-29,1.5499999523162842,1.5499999523162842,1.2000000476837158,1.5,1.4895652532577515,42187
2013-02-05,1.4500000476837158,1.649999976158142,1.399999976158142,1.5,1.4895652532577515,82698
2013-02-12,1.4500000476837158,1.649999976158142,1.25,1.600000023841858,1.588869571685791,67336
2013-02-19,1.600000023841858,1.7999999523162842,1.399999976158142,1.5,1.4895652532577515,89556
2013-02-26,1.399999976158142,1.600000023841858,1.2999999523162842,1.2999999523162842,1.2909564971923828,114212
2013-03-05,1.350000023841858,1.399999976158142,1.2999999523162842,1.350000023841858,1.3406087160110474,48479
2013-03-12,1.399999976158142,1.649999976158142,1.350000023841858,1.399999976158142,1.3902608156204224,71645
2013-03-19,1.4500000476837158,1.4500000476837158,1.149999976158142,1.2000000476837158,1.1916521787643433,52662
2013-03-26,1.25,1.600000023841858,1.25,1.350000023841858,1.3406087160110474,65907
2013-04-02,1.4500000476837158,1.850000023841858,1.399999976158142,1.649999976158142,1.638521671295166,143291
2013-04-09,1.5499999523162842,1.7000000476837158,1.399999976158142,1.4500000476837158,1.4399131536483765,47300
2013-04-16,1.5,1.5,1.25,1.350000023841858,1.3406087160110474,19876
2013-04-23,1.2999999523162842,1.399999976158142,1.25,1.350000023841858,1.3406087160110474,7549
2013-04-30,1.350000023841858,1.350000023841858,1.25,1.2999999523162842,1.2909564971923828,10388
2013-05-07,1.2999999523162842,1.350000023841858,1.2999999523162842,1.350000023841858,1.3406087160110474,15570
2013-05-14,1.399999976158142,1.399999976158142,1.350000023841858,1.350000023841858,1.3406087160110474,601
2013-05-21,1.2999999523162842,1.2999999523162842,1.2000000476837158,1.25,1.2413043975830078,11440
2013-05-28,1.2000000476837158,1.25,1.2000000476837158,1.25,1.2413043975830078,24209
2013-06-04,1.25,1.350000023841858,1.2000000476837158,1.25,1.2413043975830078,25800
2013-06-11,1.2999999523162842,1.350000023841858,1.25,1.350000023841858,1.3406087160110474,10666
2013-06-18,1.350000023841858,1.350000023841858,1.2000000476837158,1.2000000476837158,1.1916521787643433,280
2013-06-25,1.2000000476837158,1.2000000476837158,1.100000023841858,1.100000023841858,1.0923478603363037,7679
2013-07-02,1.149999976158142,1.2000000476837158,1.100000023841858,1.100000023841858,1.0923478603363037,5364
2013-07-09,1.100000023841858,1.100000023841858,1.100000023841858,1.100000023841858,1.0923478603363037,300
2013-07-16,1.149999976158142,1.2000000476837158,1.149999976158142,1.2000000476837158,1.1916521787643433,6400
2013-07-23,1.2000000476837158,1.2000000476837158,1.2000000476837158,1.2000000476837158,1.1916521787643433,6883
2013-07-30,1.2000000476837158,1.2000000476837158,1.2000000476837158,1.2000000476837158,1.1916521787643433,9520
2013-08-06,1.2000000476837158,1.2000000476837158,1.2000000476837158,1.2000000476837158,1.1916521787643433,0
2013-08-13,1.2000000476837158,1.2000000476837158,1.149999976158142,1.149999976158142,1.1419999599456787,8
2013-08-20,1.100000023841858,1.100000023841858,1.0499999523162842,1.100000023841858,1.0923478603363037,8470
2013-08-27,1.100000023841858,1.100000023841858,1.100000023841858,1.100000023841858,1.0923478603363037,0
2013-09-03,1.100000023841858,1.100000023841858,1.100000023841858,1.100000023841858,1.0923478603363037,1000
2013-09-10,1.100000023841858,1.2999999523162842,1.100000023841858,1.2999999523162842,1.2909564971923828,7750
2013-09-17,1.2999999523162842,1.350000023841858,1.25,1.350000023841858,1.3406087160110474,8357
2013-09-24,1.350000023841858,1.350000023841858,1.350000023841858,1.350000023841858,1.3406087160110474,0
2013-10-01,1.350000023841858,1.399999976158142,1.350000023841858,1.399999976158142,1.3902608156204224,100
2013-10-08,1.350000023841858,1.350000023841858,1.350000023841858,1.350000023841858,1.3406087160110474,10000
2013-10-15,1.2999999523162842,1.2999999523162842,1.25,1.2999999523162842,1.2909564971923828,7100
2013-10-22,1.350000023841858,1.350000023841858,1.2999999523162842,1.350000023841858,1.3406087160110474,17324
2013-10-29,1.2999999523162842,1.350000023841858,1.2999999523162842,1.2999999523162842,1.2909564971923828,4100
2013-11-05,1.2999999523162842,1.399999976158142,1.25,1.25,1.2413043975830078,3661
2013-11-12,1.25,1.2999999523162842,1.25,1.2999999523162842,1.2909564971923828,5776
2013-11-19,1.2999999523162842,1.399999976158142,1.2999999523162842,1.399999976158142,1.3902608156204224,100842
2013-11-26,1.350000023841858,1.350000023841858,1.25,1.2999999523162842,1.2909564971923828,307210
2013-12-03,1.25,1.25,1.2000000476837158,1.25,1.2413043975830078,6560
2013-12-10,1.2000000476837158,1.2000000476837158,1.2000000476837158,1.2000000476837158,1.1916521787643433,731
2013-12-17,1.149999976158142,1.149999976158142,1.100000023841858,1.100000023841858,1.0923478603363037,5984
2013-12-24,1.100000023841858,1.100000023841858,1.0499999523162842,1.0499999523162842,1.0426956415176392,6510
2013-12-31,1.0,1.0499999523162842,1.0,1.0,0.9930434823036194,10517
2014-01-07,1.0,1.100000023841858,1.0,1.100000023841858,1.0923478603363037,3608
2014-01-14,1.149999976158142,1.25,1.149999976158142,1.2000000476837158,1.1916521787643433,34090
2014-01-21,1.149999976158142,1.25,0.949999988079071,1.0,0.9930434823036194,491221
2014-01-28,1.0,1.100000023841858,0.8999999761581421,1.0,0.9930434823036194,21742
2014-02-04,1.0,1.2000000476837158,0.949999988079071,1.2000000476837158,1.1916521787643433,13055
2014-02-11,1.2000000476837158,1.2000000476837158,1.100000023841858,1.149999976158142,1.1419999599456787,2936
2014-02-18,1.149999976158142,1.2000000476837158,1.149999976158142,1.149999976158142,1.1419999599456787,652
2014-02-25,1.2000000476837158,1.2000000476837158,1.100000023841858,1.100000023841858,1.0923478603363037,5880
2014-03-04,1.0499999523162842,1.2000000476837158,1.0499999523162842,1.100000023841858,1.0923478603363037,38791
2014-03-11,1.100000023841858,1.350000023841858,1.100000023841858,1.2999999523162842,1.2909564971923828,19965
2014-03-18,1.25,1.399999976158142,1.25,1.25,1.2413043975830078,16402
2014-03-25,1.25,1.25,1.0,1.2000000476837158,1.1916521787643433,43806
2014-04-01,1.2000000476837158,1.5,1.149999976158142,1.5,1.4895652532577515,81852
2014-04-08,1.5,1.600000023841858,1.4500000476837158,1.4500000476837158,1.4399131536483765,91132
2014-04-15,1.5,1.5499999523162842,1.5,1.5,1.4895652532577515,28873
2014-04-22,1.5499999523162842,1.600000023841858,1.4500000476837158,1.600000023841858,1.588869571685791,11980
2014-04-29,1.5499999523162842,1.600000023841858,1.4500000476837158,1.5499999523162842,1.5392173528671265,6480
2014-05-06,1.5,1.5499999523162842,1.25,1.4500000476837158,1.4399131536483765,34579
2014-05-13,1.5499999523162842,2.0,1.5499999523162842,1.9500000476837158,1.9364348649978638,251314
2014-05-20,2.0,2.4000000953674316,2.0,2.3499999046325684,2.3336520195007324,184866
2014-05-27,2.4000000953674316,2.8499999046325684,2.25,2.8499999046325684,2.8301737308502197,155593
2014-06-03,2.950000047683716,3.5,2.950000047683716,3.5,3.4756522178649902,36012
2014-06-10,3.6500000953674316,4.300000190734863,3.6500000953674316,4.300000190734863,4.270087242126465,109846
2014-06-17,4.5,5.349999904632568,4.5,5.349999904632568,5.3127827644348145,31692
2014-06-24,5.599999904632568,6.699999809265137,5.599999904632568,6.699999809265137,6.653391361236572,30942
2014-07-01,7.0,7.349999904632568,6.0,6.0,5.958261013031006,567520
2014-07-08,5.699999809265137,5.699999809265137,4.75,4.75,4.716956615447998,263170
2014-07-15,4.550000190734863,4.550000190734863,3.799999952316284,3.799999952316284,3.7735652923583984,103257
2014-07-22,3.75,4.300000190734863,3.5,4.300000190734863,4.270087242126465,119879
2014-07-29,4.300000190734863,5.099999904632568,4.300000190734863,4.699999809265137,4.667304039001465,123321
2014-08-05,4.5,4.849999904632568,4.300000190734863,4.349999904632568,4.319738864898682,337874
2014-08-12,4.25,4.849999904632568,4.150000095367432,4.349999904632568,4.319738864898682,180800
2014-08-19,4.5,4.5,3.8499999046325684,4.099999904632568,4.071478366851807,236094
2014-08-26,4.0,4.199999809265137,3.6500000953674316,3.9000000953674316,3.8728697299957275,174017
2014-09-02,3.950000047683716,4.0,3.450000047683716,3.6500000953674316,3.6246087551116943,195023
2014-09-09,3.6500000953674316,5.099999904632568,3.6500000953674316,4.599999904632568,4.567999839782715,353340
2014-09-16,4.5,4.5,3.8499999046325684,4.0,3.9721739292144775,181208
2014-09-23,3.799999952316284,4.0,3.549999952316284,3.799999952316284,3.7735652923583984,124547
2014-09-30,3.799999952316284,3.799999952316284,3.5,3.549999952316284,3.5253043174743652,28895
2014-10-07,3.549999952316284,3.9000000953674316,3.549999952316284,3.6500000953674316,3.6246087551116943,201710
2014-10-14,3.6500000953674316,3.799999952316284,3.200000047683716,3.299999952316284,3.277043342590332,78758
2014-10-21,3.3499999046325684,3.4000000953674316,3.25,3.25,3.227391242980957,41541
2014-10-28,3.299999952316284,3.3499999046325684,3.0,3.0999999046325684,3.078434705734253,95626
2014-11-04,3.0999999046325684,3.5,3.0999999046325684,3.3499999046325684,3.326695680618286,53344
2014-11-11,3.25,3.950000047683716,3.25,3.950000047683716,3.9225218296051025,254685
2014-11-18,4.0,4.900000095367432,4.0,4.75,4.716956615447998,303094
2014-11-25,4.800000190734863,4.800000190734863,4.199999809265137,4.199999809265137,4.170782566070557,263336
2014-12-02,4.050000190734863,4.5,3.799999952316284,4.300000190734863,4.270087242126465,164054
2014-12-09,4.150000095367432,4.449999809265137,3.8499999046325684,4.0,3.9721739292144775,220340
2014-12-16,3.9000000953674316,4.0,3.25,3.9000000953674316,3.8728697299957275,195404
2014-12-23,3.700000047683716,3.9000000953674316,3.5,3.5999999046325684,3.5749564170837402,60715
2014-12-30,3.5,4.300000190734863,3.4000000953674316,4.099999904632568,4.071478366851807,159894
2015-01-06,3.799999952316284,4.550000190734863,3.799999952316284,4.300000190734863,4.270087242126465,360654
2015-01-13,4.0,4.599999904632568,3.9000000953674316,4.300000190734863,4.270087242126465,61613
2015-01-20,4.199999809265137,4.5,3.9000000953674316,4.0,3.9721739292144775,94438
2015-01-27,4.0,4.349999904632568,3.299999952316284,3.6500000953674316,3.6246087551116943,145282
2015-02-03,3.75,4.25,3.5,3.799999952316284,3.7735652923583984,90406
2015-02-10,3.5999999046325684,4.0,3.0,3.200000047683716,3.177739143371582,151753
2015-02-17,3.200000047683716,3.6500000953674316,3.0999999046325684,3.299999952316284,3.277043342590332,91282
2015-02-24,3.1500000953674316,3.450000047683716,2.5999999046325684,3.049999952316284,3.028782606124878,235344
2015-03-03,2.799999952316284,3.3499999046325684,2.799999952316284,2.9000000953674316,2.879826307296753,106198
2015-03-10,2.9000000953674316,3.1500000953674316,2.5999999046325684,2.75,2.7308695316314697,138295
2015-03-17,2.9000000953674316,2.9000000953674316,2.3499999046325684,2.3499999046325684,2.3336520195007324,187142
2015-03-24,2.75,2.75,1.850000023841858,2.049999952316284,2.0357391834259033,261743
2015-03-31,2.25,2.5999999046325684,2.049999952316284,2.549999952316284,2.5322608947753906,58379
2015-04-07,2.8499999046325684,3.049999952316284,2.5,2.8499999046325684,2.8301737308502197,187125
2015-04-14,2.8499999046325684,3.0,2.450000047683716,2.9000000953674316,2.879826307296753,90579
2015-04-21,2.5999999046325684,2.950000047683716,2.25,2.5,2.4826087951660156,69818
2015-04-28,2.25,2.75,2.25,2.5,2.4826087951660156,68674
2015-05-05,2.5,2.75,2.25,2.4000000953674316,2.3833043575286865,62935
2015-05-12,2.25,2.700000047683716,2.1500000953674316,2.299999952316284,2.2839999198913574,59841
2015-05-19,2.5,2.5999999046325684,2.0,2.299999952316284,2.2839999198913574,100716
2015-05-26,2.0,2.5,2.0,2.299999952316284,2.2839999198913574,152420
2015-06-02,2.25,2.3499999046325684,1.7000000476837158,2.200000047683716,2.1846957206726074,158227
2015-06-09,2.049999952316284,2.4000000953674316,2.0,2.1500000953674316,2.1350436210632324,99108
2015-06-16,2.049999952316284,2.200000047683716,2.049999952316284,2.1500000953674316,2.1350436210632324,61071
2015-06-23,2.1500000953674316,2.200000047683716,1.9500000476837158,2.049999952316284,2.0357391834259033,41018
2015-06-30,1.899999976158142,2.0999999046325684,1.899999976158142,2.0999999046325684,2.0853912830352783,42395
2015-07-07,1.9500000476837158,2.1500000953674316,1.899999976158142,2.0,1.9860869646072388,54893
2015-07-14,2.0,2.200000047683716,1.7999999523162842,2.0,1.9860869646072388,150269
2015-07-21,2.049999952316284,2.0999999046325684,1.9500000476837158,2.0999999046325684,2.0853912830352783,124060
2015-07-28,2.0999999046325684,2.0999999046325684,1.7999999523162842,2.0,1.9860869646072388,110922
2015-08-04,2.0,2.700000047683716,1.899999976158142,2.25,2.2343478202819824,274351
2015-08-11,2.299999952316284,2.3499999046325684,1.9500000476837158,2.049999952316284,2.0357391834259033,148704
2015-08-18,1.9500000476837158,2.25,1.9500000476837158,2.0,1.9860869646072388,121837
2015-08-25,1.9500000476837158,2.1500000953674316,1.9500000476837158,2.0,1.9860869646072388,37148
2015-09-01,2.0999999046325684,2.450000047683716,1.899999976158142,2.0999999046325684,2.0853912830352783,239523
2015-09-08,2.049999952316284,2.299999952316284,2.049999952316284,2.049999952316284,2.0357391834259033,20147
2015-09-15,2.0999999046325684,2.200000047683716,2.0,2.1500000953674316,2.1350436210632324,49264
2015-09-22,2.1500000953674316,2.299999952316284,2.0,2.049999952316284,2.0357391834259033,69742
2015-09-29,2.049999952316284,2.200000047683716,2.0,2.200000047683716,2.1846957206726074,46795
2015-10-06,2.200000047683716,3.950000047683716,2.0,3.25,3.227391242980957,798659
2015-10-13,2.950000047683716,3.3499999046325684,2.799999952316284,3.3499999046325684,3.326695680618286,377859
2015-10-20,3.5,4.400000095367432,3.5,4.400000095367432,4.369391441345215,594350
2015-10-27,4.599999904632568,5.099999904632568,4.199999809265137,5.099999904632568,5.064521789550781,1048279
2015-11-03,5.349999904632568,5.849999904632568,4.949999809265137,5.400000095367432,5.3624348640441895,1431971
2015-11-10,5.300000190734863,5.550000190734863,4.75,5.400000095367432,5.3624348640441895,244405
2015-11-17,5.650000095367432,6.699999809265137,5.650000095367432,6.25,6.206521987915039,1585474
2015-11-24,6.349999904632568,6.449999809265137,5.400000095367432,5.400000095367432,5.3624348640441895,397719
2015-12-01,5.150000095367432,5.650000095367432,4.900000095367432,5.099999904632568,5.064521789550781,543584
2015-12-08,5.0,5.300000190734863,4.150000095367432,4.25,4.220434665679932,117707
2015-12-15,4.050000190734863,4.849999904632568,4.050000190734863,4.650000095367432,4.617652416229248,133106
2015-12-22,4.800000190734863,5.5,4.800000190734863,5.150000095367432,5.114173889160156,128482
2015-12-29,5.300000190734863,5.449999809265137,4.800000190734863,5.400000095367432,5.3624348640441895,315984
2016-01-05,5.599999904632568,6.650000095367432,5.300000190734863,6.650000095367432,6.603739261627197,557111
2016-01-12,6.650000095367432,6.949999809265137,5.449999809265137,5.449999809265137,5.4120869636535645,637539
2016-01-19,5.199999809265137,5.699999809265137,4.949999809265137,5.099999904632568,5.064521789550781,628760
2016-01-26,5.099999904632568,5.650000095367432,4.849999904632568,5.599999904632568,5.5610432624816895,343303
2016-02-02,5.699999809265137,5.800000190734863,5.0,5.300000190734863,5.2631306648254395,261385
2016-02-09,5.050000190734863,5.349999904632568,3.700000047683716,3.8499999046325684,3.8232173919677734,1541161
2016-02-16,4.0,4.800000190734863,3.8499999046325684,4.400000095367432,4.369391441345215,530732
2016-02-23,4.5,4.5,4.0,4.5,4.468695640563965,483314
2016-03-01,4.699999809265137,5.300000190734863,4.699999809265137,5.300000190734863,5.2631306648254395,218542
2016-03-08,5.5,6.300000190734863,5.099999904632568,6.199999809265137,6.156869411468506,645230
2016-03-15,6.5,6.949999809265137,6.199999809265137,6.949999809265137,6.901651859283447,1176005
2016-03-22,7.25,7.25,6.650000095367432,6.75,6.703043460845947,556762
2016-03-29,7.050000190734863,7.699999809265137,6.650000095367432,7.150000095367432,7.100261211395264,873629
2016-04-05,7.349999904632568,7.449999809265137,6.650000095367432,6.849999904632568,6.802347660064697,541693
2016-04-12,6.849999904632568,6.900000095367432,6.25,6.650000095367432,6.603739261627197,226882
2016-04-19,6.650000095367432,6.699999809265137,5.699999809265137,5.75,5.710000038146973,252924
2016-04-26,5.75,6.599999904632568,5.75,6.5,6.454782485961914,186472
2016-05-03,6.800000190734863,6.800000190734863,6.150000095367432,6.550000190734863,6.504435062408447,271396
2016-05-10,6.849999904632568,7.849999904632568,6.349999904632568,7.849999904632568,7.795391082763672,902743
2016-05-17,8.199999809265137,8.199999809265137,7.25,7.699999809265137,7.646434783935547,1665313
2016-05-24,7.900000095367432,7.900000095367432,7.0,7.400000095367432,7.348521709442139,724027
2016-05-31,7.599999904632568,9.0,6.800000190734863,9.0,8.93739128112793,3314238
2016-06-07,9.399999618530273,10.300000190734863,9.050000190734863,9.899999618530273,9.831130027770996,8118724
2016-06-14,9.899999618530273,10.5,9.050000190734863,9.600000381469727,9.533217430114746,7713449
2016-06-21,9.949999809265137,9.949999809265137,8.399999618530273,9.0,8.93739128112793,2150836
2016-06-28,9.449999809265137,11.100000381469727,9.350000381469727,11.0,10.923478126525879,5843829
2016-07-05,11.149999618530273,13.800000190734863,10.600000381469727,13.800000190734863,13.704000473022461,10050152
2016-07-12,13.899999618530273,14.399999618530273,11.899999618530273,12.75,12.661304473876953,8258308
2016-07-19,12.850000381469727,14.100000381469727,12.5,14.050000190734863,13.952260971069336,5603117
2016-07-26,14.100000381469727,14.399999618530273,12.800000190734863,13.399999618530273,13.306782722473145,6158384
2016-08-02,13.449999809265137,14.300000190734863,12.449999809265137,13.100000381469727,13.008870124816895,6495514
2016-08-09,13.300000190734863,13.300000190734863,10.649999618530273,11.100000381469727,11.022783279418945,4259980
2016-08-16,12.149999618530273,14.300000190734863,11.399999618530273,13.25,13.15782642364502,7405913
2016-08-23,13.449999809265137,14.0,12.850000381469727,13.300000190734863,13.207478523254395,4766030
2016-08-30,13.199999809265137,13.550000190734863,12.100000381469727,13.0,12.909564971923828,2490555
2016-09-06,13.0,13.75,12.050000190734863,12.949999809265137,12.859912872314453,2199318
2016-09-13,12.949999809265137,14.449999809265137,12.600000381469727,14.0,13.902608871459961,4083718
2016-09-20,14.149999618530273,14.300000190734863,12.800000190734863,12.949999809265137,12.859912872314453,1258321
2016-09-27,12.949999809265137,13.5,11.699999809265137,13.199999809265137,13.108173370361328,2507140
2016-10-04,13.050000190734863,20.399999618530273,12.949999809265137,19.850000381469727,19.7119140625,7524709
2016-10-11,19.850000381469727,21.549999237060547,18.5,21.100000381469727,20.953218460083008,4587430
2016-10-18,21.5,26.0,21.25,25.75,25.57086944580078,10885460
2016-10-25,25.75,30.25,25.299999237060547,27.950000762939453,27.755565643310547,6002590
2016-11-01,25.350000381469727,29.200000762939453,24.049999237060547,25.200000762939453,25.024696350097656,4033523
2016-11-08,25.25,25.25,22.299999237060547,22.75,22.591739654541016,1111003
2016-11-15,21.649999618530273,21.649999618530273,17.850000381469727,17.850000381469727,17.725826263427734,3172805
2016-11-22,17.399999618530273,19.399999618530273,16.149999618530273,19.399999618530273,19.265043258666992,2169347
2016-11-29,20.350000381469727,22.899999618530273,20.25,20.299999237060547,20.158781051635742,2200101
2016-12-06,20.5,24.299999237060547,20.299999237060547,22.700000762939453,22.54208755493164,2258650
2016-12-13,23.0,24.549999237060547,22.649999618530273,23.049999237060547,22.889652252197266,2188774
2016-12-20,23.100000381469727,25.5,22.299999237060547,24.799999237060547,24.627477645874023,3559861
2016-12-27,25.100000381469727,30.5,25.0,30.25,30.039566040039062,4294867
2017-01-03,30.75,32.0,28.600000381469727,31.5,31.28087043762207,4555965
2017-01-10,31.899999618530273,33.150001525878906,30.899999618530273,31.549999237060547,31.330520629882812,3477676
2017-01-17,31.5,32.0,29.899999618530273,30.549999237060547,30.33747673034668,1934928
2017-01-24,30.850000381469727,33.70000076293945,29.75,32.54999923706055,32.32356643676758,1793298
2017-01-31,33.0,36.599998474121094,32.150001525878906,36.400001525878906,36.146785736083984,6147042
2017-02-07,36.400001525878906,37.5,30.850000381469727,32.20000076293945,31.976001739501953,6447826
2017-02-14,32.75,32.75,27.5,30.049999237060547,29.84095573425293,3698612
2017-02-21,30.100000381469727,30.899999618530273,28.450000762939453,28.899999618530273,28.698955535888672,1547830
2017-02-28,29.649999618530273,31.049999237060547,25.799999237060547,30.0,29.791303634643555,3815210
2017-03-07,30.5,31.399999618530273,27.399999618530273,28.450000762939453,28.25208854675293,1598729
2017-03-14,29.950000762939453,30.299999237060547,27.299999237060547,28.149999618530273,27.954174041748047,1820387
2017-03-21,27.899999618530273,28.450000762939453,26.200000762939453,26.5,26.31565284729004,1329967
2017-03-28,26.25,29.450000762939453,25.5,29.049999237060547,28.847911834716797,1901722
2017-04-04,29.049999237060547,30.049999237060547,27.5,27.700000762939453,27.507305145263672,1583934
2017-04-11,27.25,29.049999237060547,26.600000381469727,27.799999237060547,27.60660743713379,1043539
2017-04-18,28.399999618530273,29.5,26.850000381469727,27.75,27.556957244873047,1275893
2017-04-25,27.899999618530273,28.600000381469727,26.549999237060547,26.700000762939453,26.51426124572754,778393
2017-05-02,26.700000762939453,27.799999237060547,25.899999618530273,26.0,25.819129943847656,794612
2017-05-09,26.0,26.5,22.899999618530273,24.700000762939453,24.528175354003906,1899459
2017-05-16,25.299999237060547,25.299999237060547,23.0,23.299999237060547,23.13791275024414,918804
2017-05-23,22.0,23.25,18.049999237060547,20.700000762939453,20.556001663208008,3696554
2017-05-30,20.700000762939453,22.049999237060547,19.549999237060547,20.25,20.109130859375,688432
2017-06-06,20.75,21.0,19.350000381469727,19.75,19.612607955932617,669130
2017-06-13,20.299999237060547,22.0,19.399999618530273,19.75,19.612607955932617,750577
2017-06-20,20.399999618530273,20.5,19.100000381469727,19.549999237060547,19.413999557495117,718307
2017-06-27,19.850000381469727,26.0,19.100000381469727,24.950000762939453,24.77643585205078,4247501
2017-07-04,25.200000762939453,25.350000381469727,20.049999237060547,22.600000381469727,22.44278335571289,2173925
2017-07-11,23.700000762939453,23.799999237060547,21.5,21.899999618530273,21.747652053833008,1098141
2017-07-18,21.5,22.899999618530273,20.649999618530273,22.25,22.095216751098633,1421318
2017-07-25,22.0,23.200000762939453,20.649999618530273,20.950000762939453,20.804262161254883,1000769
2017-08-01,21.149999618530273,24.649999618530273,20.600000381469727,24.299999237060547,24.130956649780273,2319829
2017-08-08,25.450000762939453,25.450000762939453,20.049999237060547,21.450000762939453,21.300783157348633,2545707
2017-08-15,21.450000762939453,22.149999618530273,20.649999618530273,20.850000381469727,20.7049560546875,655713
2017-08-22,21.25,21.700000762939453,20.350000381469727,21.049999237060547,20.903564453125,1543989
2017-08-29,21.450000762939453,24.049999237060547,20.700000762939453,22.600000381469727,22.44278335571289,3490029
2017-09-05,22.399999618530273,23.0,21.700000762939453,21.899999618530273,21.747652053833008,686652
2017-09-12,22.200000762939453,25.799999237060547,21.399999618530273,23.850000381469727,23.6840877532959,3795961
2017-09-19,24.0,27.299999237060547,22.450000762939453,22.850000381469727,22.691043853759766,5271603
2017-09-26,22.549999237060547,24.299999237060547,22.5,23.600000381469727,23.435827255249023,1063140
2017-10-03,23.600000381469727,27.450000762939453,22.700000762939453,25.5,25.322608947753906,2992101
2017-10-10,25.700000762939453,27.600000381469727,23.899999618530273,24.25,24.0813045501709,2680816
2017-10-17,24.299999237060547,25.75,24.0,25.149999618530273,24.97504234313965,795706
2017-10-24,24.75,25.200000762939453,23.399999618530273,24.100000381469727,23.932348251342773,1031600
2017-10-31,24.0,25.100000381469727,23.5,23.549999237060547,23.386173248291016,1211886
2017-11-07,23.75,24.850000381469727,20.850000381469727,21.0,20.853912353515625,2600134
2017-11-14,21.100000381469727,21.700000762939453,18.799999237060547,20.450000762939453,20.3077392578125,1879638
2017-11-21,20.899999618530273,22.100000381469727,20.200000762939453,21.5,21.350435256958008,1259643
2017-11-28,21.799999237060547,21.799999237060547,20.100000381469727,20.5,20.357391357421875,916279
2017-12-05,20.5,21.5,16.700000762939453,20.350000381469727,20.20843505859375,1250082
2017-12-12,20.600000381469727,20.600000381469727,18.299999237060547,19.399999618530273,19.265043258666992,599067
2017-12-19,19.600000381469727,20.549999237060547,18.799999237060547,18.950000762939453,18.818174362182617,1813257
2017-12-26,18.899999618530273,19.600000381469727,18.25,18.899999618530273,18.768522262573242,1761089
2018-01-02,19.399999618530273,19.799999237060547,18.700000762939453,19.299999237060547,19.165739059448242,1975551
2018-01-09,19.299999237060547,20.450000762939453,18.799999237060547,19.0,18.867826461791992,2762767
2018-01-16,19.25,19.25,18.049999237060547,18.149999618530273,18.023738861083984,1089615
2018-01-23,18.399999618530273,18.399999618530273,16.450000762939453,16.649999618530273,16.5341739654541,761171
2018-01-30,16.799999237060547,18.5,14.350000381469727,16.5,16.385217666625977,1318627
2018-02-06,15.0,17.0,14.800000190734863,16.549999237060547,16.43486976623535,1084817
2018-02-13,16.549999237060547,17.350000381469727,15.100000381469727,15.550000190734863,15.441825866699219,496126
2018-02-20,15.949999809265137,15.949999809265137,14.0,14.199999809265137,14.101217269897461,692809
2018-02-27,14.149999618530273,14.399999618530273,13.350000381469727,13.550000190734863,13.45573902130127,439978
2018-03-06,13.550000190734863,14.100000381469727,10.600000381469727,11.300000190734863,11.221391677856445,1485253
2018-03-13,11.100000381469727,11.899999618530273,10.649999618530273,10.75,10.675217628479004,1478982
2018-03-20,10.75,11.25,9.399999618530273,9.550000190734863,9.483565330505371,1704225
2018-03-27,9.600000381469727,10.699999809265137,9.350000381469727,10.5,10.426956176757812,649673
2018-04-03,10.5,10.649999618530273,10.0,10.25,10.178695678710938,544122
2018-04-10,10.449999809265137,14.399999618530273,10.300000190734863,11.5,11.420000076293945,4911315
2018-04-17,11.300000190734863,12.5,10.050000190734863,11.399999618530273,11.320694923400879,2747743
2018-04-24,11.649999618530273,12.199999809265137,10.5,11.149999618530273,11.072434425354004,1292384
2018-05-01,11.149999618530273,11.850000381469727,10.699999809265137,10.800000190734863,10.724869728088379,770485
2018-05-08,10.699999809265137,11.0,9.449999809265137,9.600000381469727,9.533217430114746,689602
2018-05-15,9.850000381469727,9.949999809265137,9.0,9.449999809265137,9.384261131286621,1369895
2018-05-22,9.600000381469727,10.300000190734863,8.699999809265137,9.100000381469727,9.036696434020996,2426466
2018-05-29,9.25,9.600000381469727,9.0,9.100000381469727,9.036696434020996,920892
2018-06-05,9.149999618530273,9.449999809265137,7.800000190734863,8.800000190734863,8.73878288269043,1945342
2018-06-12,8.899999618530273,9.199999809265137,8.100000381469727,8.399999618530273,8.341565132141113,418467
2018-06-19,8.5,8.5,7.599999904632568,7.900000095367432,7.845043659210205,593007
2018-06-26,8.0,8.5,7.599999904632568,8.100000381469727,8.043652534484863,670324
2018-07-03,8.300000190734863,8.399999618530273,7.75,8.100000381469727,8.043652534484863,430732
2018-07-10,8.399999618530273,8.5,8.0,8.050000190734863,7.994000434875488,377971
2018-07-17,8.0,8.25,7.199999809265137,7.599999904632568,7.547130584716797,491236
2018-07-24,7.75,8.199999809265137,7.400000095367432,8.050000190734863,7.994000434875488,523365
2018-07-31,7.949999809265137,8.25,7.449999809265137,7.900000095367432,7.845043659210205,742658
2018-08-07,8.149999618530273,9.899999618530273,8.149999618530273,9.0,8.93739128112793,1795347
2018-08-14,9.199999809265137,9.199999809265137,8.550000190734863,8.949999809265137,8.887739181518555,257831
2018-08-21,9.0,9.149999618530273,8.600000381469727,8.75,8.689130783081055,335501
2018-08-28,8.949999809265137,9.399999618530273,8.600000381469727,8.75,8.689130783081055,329507
2018-09-04,8.699999809265137,9.149999618530273,8.350000381469727,8.949999809265137,8.887739181518555,378096
2018-09-11,8.949999809265137,12.649999618530273,8.5,12.649999618530273,12.561999320983887,13325908
2018-09-18,13.649999618530273,13.899999618530273,9.850000381469727,9.850000381469727,9.781478881835938,7312946
2018-09-25,9.850000381469727,10.800000190734863,8.699999809265137,8.75,8.689130783081055,2712606
2018-10-02,8.75,10.050000190734863,8.550000190734863,9.399999618530273,9.33460807800293,866298
2018-10-09,9.649999618530273,10.300000190734863,9.25,10.199999809265137,10.129043579101562,2875972
2018-10-16,10.5,10.550000190734863,8.850000381469727,8.949999809265137,8.887739181518555,974601
2018-10-23,8.699999809265137,9.050000190734863,8.100000381469727,8.75,8.689130783081055,1106145
2018-10-30,8.75,9.149999618530273,8.5,8.75,8.689130783081055,731539
2018-11-06,8.949999809265137,9.449999809265137,8.649999618530273,9.449999809265137,9.384261131286621,748592
2018-11-13,9.600000381469727,9.600000381469727,8.5,9.149999618530273,9.086347579956055,633155
2018-11-20,9.25,9.300000190734863,8.300000190734863,8.350000381469727,8.291913032531738,460091
2018-11-27,8.399999618530273,8.75,8.100000381469727,8.300000190734863,8.242260932922363,502932
2018-12-04,8.449999809265137,8.649999618530273,7.949999809265137,8.050000190734863,7.994000434875488,413680
2018-12-11,8.100000381469727,8.649999618530273,7.800000190734863,8.100000381469727,8.043652534484863,534359
2018-12-18,8.050000190734863,8.300000190734863,7.900000095367432,8.0,7.944347858428955,413289
2018-12-25,8.0,8.199999809265137,7.800000190734863,8.0,7.944347858428955,248654
2019-01-01,8.100000381469727,8.300000190734863,7.900000095367432,7.900000095367432,7.845043659210205,485492
2019-01-08,8.050000190734863,8.800000190734863,7.900000095367432,8.149999618530273,8.093303680419922,712590
2019-01-15,8.199999809265137,8.449999809265137,7.900000095367432,8.050000190734863,7.994000434875488,629637
2019-01-22,8.0,8.199999809265137,7.800000190734863,7.800000190734863,7.745739459991455,1026842
2019-01-29,7.800000190734863,8.0,7.5,7.800000190734863,7.745739459991455,267734
2019-02-05,7.849999904632568,7.900000095367432,6.550000190734863,7.050000190734863,7.0009565353393555,677297
2019-02-12,7.099999904632568,7.599999904632568,7.0,7.099999904632568,7.0506086349487305,410245
2019-02-19,7.099999904632568,9.0,7.0,8.899999618530273,8.83808708190918,1274080
2019-02-26,8.5,9.350000381469727,8.100000381469727,9.050000190734863,8.987043380737305,1727062
2019-03-05,9.0,10.550000190734863,8.300000190734863,9.699999809265137,9.632521629333496,1903335
2019-03-12,9.399999618530273,10.149999618530273,9.399999618530273,9.850000381469727,9.781478881835938,940675
2019-03-19,9.800000190734863,10.0,8.899999618530273,9.100000381469727,9.036696434020996,539097
2019-03-26,9.449999809265137,9.800000190734863,8.800000190734863,9.399999618530273,9.33460807800293,546642
2019-04-02,9.300000190734863,9.850000381469727,9.050000190734863,9.350000381469727,9.284956932067871,746047
2019-04-09,9.399999618530273,9.550000190734863,8.699999809265137,9.050000190734863,8.987043380737305,374302
2019-04-16,9.399999618530273,9.399999618530273,7.650000095367432,8.550000190734863,8.490522384643555,1248509
2019-04-23,8.899999618530273,9.25,8.100000381469727,8.800000190734863,8.73878288269043,1096842
2019-04-30,8.850000381469727,8.949999809265137,7.949999809265137,8.149999618530273,8.093303680419922,683966
2019-05-07,8.350000381469727,8.449999809265137,7.550000190734863,7.650000095367432,7.596782684326172,577880
2019-05-14,7.900000095367432,8.25,7.300000190734863,8.0,7.944347858428955,505155
2019-05-21,8.25,9.850000381469727,8.0,9.5,9.433913230895996,1696267
2019-05-28,9.5,9.550000190734863,8.399999618530273,8.449999809265137,8.391217231750488,606506
2019-06-04,8.699999809265137,8.850000381469727,7.550000190734863,7.800000190734863,7.745739459991455,870924
2019-06-11,7.800000190734863,8.199999809265137,7.300000190734863,7.349999904632568,7.298869609832764,470284
2019-06-18,7.400000095367432,7.800000190734863,7.0,7.300000190734863,7.249217510223389,386095
2019-06-25,7.300000190734863,8.050000190734863,7.150000095367432,7.75,7.696086883544922,319563
2019-07-02,7.800000190734863,8.399999618530273,7.0,7.400000095367432,7.348521709442139,355470
2019-07-09,7.800000190734863,9.0,7.099999904632568,7.650000095367432,7.596782684326172,381566
2019-07-16,7.800000190734863,8.0,7.099999904632568,7.199999809265137,7.1499128341674805,208248
2019-07-23,7.449999809265137,7.599999904632568,6.75,7.0,6.9513044357299805,446496
2019-07-30,7.0,7.099999904632568,6.099999904632568,6.199999809265137,6.156869411468506,333551
2019-08-06,6.300000190734863,7.25,6.199999809265137,6.75,6.703043460845947,722552
2019-08-13,6.550000190734863,7.349999904632568,6.199999809265137,6.699999809265137,6.653391361236572,387491
2019-08-20,6.75,7.0,6.400000095367432,6.75,6.703043460845947,375503
2019-08-27,6.699999809265137,7.099999904632568,6.5,7.050000190734863,7.0009565353393555,358805
2019-09-03,7.199999809265137,7.349999904632568,6.800000190734863,7.050000190734863,7.0009565353393555,582370
2019-09-10,7.050000190734863,8.25,7.0,7.800000190734863,7.745739459991455,462234
2019-09-17,7.900000095367432,8.050000190734863,7.099999904632568,7.199999809265137,7.1499128341674805,542004
2019-09-24,7.449999809265137,7.699999809265137,6.800000190734863,7.050000190734863,7.0009565353393555,461819
2019-10-01,7.25,7.25,6.199999809265137,6.449999809265137,6.405130386352539,261798
2019-10-08,6.449999809265137,6.5,5.949999809265137,6.099999904632568,6.057565212249756,250378
2019-10-15,6.099999904632568,6.150000095367432,5.400000095367432,5.949999809265137,5.908608436584473,311644
2019-10-22,6.150000095367432,6.199999809265137,5.699999809265137,5.75,5.710000038146973,371217
2019-10-29,6.0,7.150000095367432,5.400000095367432,6.75,6.703043460845947,694002
2019-11-05,6.800000190734863,7.050000190734863,6.349999904632568,6.900000095367432,6.8520002365112305,531394
2019-11-12,6.900000095367432,7.199999809265137,6.5,6.599999904632568,6.554086685180664,351015
2019-11-19,6.599999904632568,6.800000190734863,6.25,6.300000190734863,6.256174087524414,366102
2019-11-26,6.349999904632568,6.349999904632568,5.400000095367432,6.050000190734863,6.007913112640381,356367
2019-12-03,6.050000190734863,6.699999809265137,5.800000190734863,6.25,6.206521987915039,402020
2019-12-10,6.25,6.5,5.949999809265137,6.349999904632568,6.305826187133789,333104
2019-12-17,6.349999904632568,6.849999904632568,6.199999809265137,6.349999904632568,6.305826187133789,359975
2019-12-24,6.300000190734863,7.75,6.25,7.25,7.199565410614014,705751
2019-12-31,7.699999809265137,8.899999618530273,6.650000095367432,8.600000381469727,8.54017448425293,1836171
2020-01-07,9.300000190734863,10.449999809265137,8.550000190734863,9.25,9.185651779174805,4386149
2020-01-14,9.25,9.649999618530273,8.850000381469727,8.949999809265137,8.887739181518555,916917
2020-01-21,9.100000381469727,9.300000190734863,8.899999618530273,9.0,8.93739128112793,438901
2020-01-28,9.0,9.300000190734863,7.900000095367432,8.0,7.944347858428955,507297
2020-02-04,8.199999809265137,9.199999809265137,7.800000190734863,8.25,8.192608833312988,534853
2020-02-11,8.199999809265137,9.399999618530273,7.550000190734863,8.350000381469727,8.291913032531738,427262
2020-02-18,8.350000381469727,8.449999809265137,7.800000190734863,7.900000095367432,7.845043659210205,157963
2020-02-25,7.800000190734863,8.100000381469727,6.650000095367432,6.800000190734863,6.7526960372924805,405709
2020-03-03,6.849999904632568,7.099999904632568,6.0,6.050000190734863,6.007913112640381,310669
2020-03-10,6.050000190734863,6.5,5.0,5.5,5.4617390632629395,791030
2020-03-17,5.599999904632568,6.5,5.050000190734863,5.550000190734863,5.511391639709473,599466
2020-03-24,5.550000190734863,7.0,4.800000190734863,6.699999809265137,6.653391361236572,1218509
2020-03-31,6.699999809265137,7.099999904632568,6.099999904632568,7.050000190734863,7.0009565353393555,982785
2020-04-07,7.25,8.800000190734863,6.400000095367432,7.199999809265137,7.1499128341674805,1379829
2020-04-14,7.199999809265137,7.5,6.400000095367432,6.900000095367432,6.8520002365112305,495435
2020-04-21,7.199999809265137,7.849999904632568,6.449999809265137,6.699999809265137,6.653391361236572,951985
2020-04-28,6.800000190734863,7.099999904632568,6.5,6.699999809265137,6.653391361236572,472368
2020-05-05,6.699999809265137,6.900000095367432,6.25,6.449999809265137,6.405130386352539,386553
2020-05-12,6.400000095367432,7.199999809265137,6.25,6.300000190734863,6.256174087524414,325322
2020-05-19,6.349999904632568,6.599999904632568,6.050000190734863,6.5,6.454782485961914,278739
2020-05-26,6.699999809265137,7.349999904632568,6.400000095367432,6.949999809265137,6.901651859283447,1204354
2020-06-02,6.949999809265137,8.800000190734863,6.75,8.149999618530273,8.093303680419922,2008248
2020-06-09,8.300000190734863,10.350000381469727,7.900000095367432,9.550000190734863,9.483565330505371,3936600
2020-06-16,9.800000190734863,9.949999809265137,8.5,9.350000381469727,9.284956932067871,1921603
2020-06-23,9.300000190734863,9.600000381469727,8.550000190734863,9.149999618530273,9.086347579956055,1663446
2020-06-30,9.25,9.5,8.5,9.050000190734863,8.987043380737305,2038373
2020-07-07,9.149999618530273,9.449999809265137,8.25,8.600000381469727,8.54017448425293,1306049
2020-07-14,8.550000190734863,9.899999618530273,8.300000190734863,9.0,8.93739128112793,1953884
2020-07-21,8.949999809265137,9.350000381469727,8.399999618530273,8.5,8.440869331359863,1191764
2020-07-28,8.800000190734863,8.800000190734863,8.25,8.5,8.440869331359863,477061
2020-08-04,8.5,9.300000190734863,8.399999618530273,9.199999809265137,9.13599967956543,1087132
2020-08-11,10.300000190734863,10.75,9.050000190734863,9.850000381469727,9.781478881835938,3124301
2020-08-18,10.100000381469727,14.5,9.75,13.949999809265137,13.852956771850586,13090817
2020-08-25,14.100000381469727,14.399999618530273,11.850000381469727,11.899999618530273,11.817216873168945,3410219
2020-09-01,11.699999809265137,12.850000381469727,10.75,12.0,11.916522026062012,1083094
2020-09-08,11.899999618530273,12.350000381469727,10.550000190734863,11.0,10.923478126525879,1308084
2020-09-15,11.399999618530273,11.5,10.100000381469727,10.5,10.426956176757812,908452
2020-09-22,10.300000190734863,11.100000381469727,9.149999618530273,11.0,10.923478126525879,1000638
2020-09-29,11.350000381469727,11.600000381469727,10.399999618530273,10.550000190734863,10.476609230041504,454744
2020-10-06,11.100000381469727,11.399999618530273,10.199999809265137,10.550000190734863,10.476609230041504,788898
2020-10-13,10.25,11.0,10.050000190734863,10.149999618530273,10.079390525817871,418497
2020-10-20,10.5,10.699999809265137,9.600000381469727,10.149999618530273,10.079390525817871,587202
2020-10-27,10.149999618530273,10.449999809265137,9.800000190734863,9.949999809265137,9.880782127380371,506361
2020-11-03,10.100000381469727,10.100000381469727,9.5,10.0,9.930435180664062,504411
2020-11-10,9.800000190734863,10.550000190734863,9.699999809265137,9.800000190734863,9.731826782226562,624917
2020-11-17,10.0,10.5,9.699999809265137,10.399999618530273,10.327651977539062,784466
2020-11-24,10.399999618530273,11.949999809265137,10.0,11.75,11.66826057434082,1871532
2020-12-01,11.949999809265137,12.399999618530273,10.899999618530273,11.75,11.66826057434082,2301144
2020-12-08,12.0,12.350000381469727,11.300000190734863,11.899999618530273,11.817216873168945,2259986
2020-12-15,11.899999618530273,13.949999809265137,11.25,11.350000381469727,11.27104377746582,4831023
2020-12-22,11.199999809265137,12.5,10.399999618530273,12.149999618530273,12.065478324890137,1373432
2020-12-29,12.300000190734863,12.300000190734863,11.649999618530273,11.899999618530273,11.817216873168945,1244726
2021-01-05,11.899999618530273,12.449999809265137,11.649999618530273,12.199999809265137,12.115130424499512,2109515
2021-01-12,12.199999809265137,12.350000381469727,11.399999618530273,11.550000190734863,11.46965217590332,1064480
2021-01-19,11.699999809265137,12.0,9.199999809265137,10.399999618530273,10.327651977539062,1039537
2021-01-26,10.399999618530273,10.949999809265137,10.399999618530273,10.899999618530273,10.824173927307129,506469
2021-02-02,10.800000190734863,11.300000190734863,10.399999618530273,10.699999809265137,10.625565528869629,633194
2021-02-09,10.850000381469727,11.850000381469727,10.449999809265137,10.75,10.675217628479004,893872
2021-02-16,10.949999809265137,11.350000381469727,10.550000190734863,10.699999809265137,10.625565528869629,1025641
2021-02-23,10.949999809265137,11.699999809265137,10.5,10.949999809265137,10.873826026916504,1375603
2021-03-02,11.050000190734863,14.600000381469727,10.949999809265137,13.899999618530273,13.803303718566895,8821823
2021-03-09,14.25,14.699999809265137,12.0,12.199999809265137,12.115130424499512,1502321
2021-03-16,12.399999618530273,12.800000190734863,11.149999618530273,11.649999618530273,11.56895637512207,1057855
2021-03-23,11.899999618530273,12.800000190734863,11.399999618530273,12.050000190734863,11.966174125671387,1873195
2021-03-30,12.300000190734863,13.25,11.399999618530273,12.699999809265137,12.611652374267578,1242729
2021-04-06,12.850000381469727,12.850000381469727,11.550000190734863,11.600000381469727,11.519305229187012,1642419
2021-04-13,11.699999809265137,12.899999618530273,11.449999809265137,11.949999809265137,11.86686897277832,1372948
2021-04-20,12.050000190734863,14.25,11.5,13.649999618530273,13.55504322052002,2585861
2021-04-27,13.600000381469727,19.700000762939453,13.25,19.700000762939453,19.562957763671875,14834588
2021-05-04,21.600000381469727,21.600000381469727,17.25,19.75,19.612607955932617,13483756
2021-05-11,19.0,21.850000381469727,18.100000381469727,19.950000762939453,19.81121826171875,8418805
2021-05-18,20.25,20.700000762939453,16.700000762939453,18.0,17.87478256225586,4029348
2021-05-25,18.350000381469727,19.700000762939453,17.700000762939453,18.200000762939453,18.073392868041992,2831634
2021-06-01,19.049999237060547,23.399999618530273,18.0,23.399999618530273,23.23721694946289,6055220
2021-06-08,26.0,38.70000076293945,25.0,36.400001525878906,36.146785736083984,45365749
2021-06-15,36.95000076293945,36.95000076293945,28.299999237060547,28.299999237060547,28.103130340576172,8229436
2021-06-22,28.049999237060547,32.650001525878906,26.899999618530273,32.650001525878906,32.42287063598633,8100019
2021-06-29,34.25,37.20000076293945,31.049999237060547,37.20000076293945,36.941219329833984,13534917
2021-07-06,37.75,39.04999923706055,31.950000762939453,35.849998474121094,35.600608825683594,11112744
2021-07-13,36.45000076293945,36.45000076293945,29.850000381469727,32.900001525878906,32.6711311340332,4441841
2021-07-20,33.79999923706055,33.79999923706055,30.200000762939453,30.549999237060547,30.33747673034668,2185682
2021-07-27,30.649999618530273,32.20000076293945,30.0,30.399999618530273,30.188522338867188,3034933
2021-08-03,30.700000762939453,30.950000762939453,26.049999237060547,27.200000762939453,27.010784149169922,2257594
2021-08-10,26.600000381469727,28.5,25.5,27.850000381469727,27.656261444091797,2656618
2021-08-17,28.600000381469727,29.200000762939453,25.049999237060547,25.100000381469727,24.925392150878906,1358515
2021-08-24,25.0,27.950000762939453,24.100000381469727,26.25,26.25,1717289
2021-08-31,26.649999618530273,27.149999618530273,25.549999237060547,25.649999618530273,25.649999618530273,893213
2021-09-07,25.0,25.899999618530273,25.0,25.049999237060547,25.049999237060547,652458
2021-09-14,25.299999237060547,27.5,25.0,25.399999618530273,25.399999618530273,1256938
2021-09-21,25.049999237060547,26.25,24.600000381469727,25.200000762939453,25.200000762939453,910684
2021-09-28,25.049999237060547,27.399999618530273,24.649999618530273,27.399999618530273,27.399999618530273,1791764
2021-10-05,27.799999237060547,29.75,26.799999237060547,27.600000381469727,27.600000381469727,3109253
2021-10-12,27.899999618530273,28.5,27.049999237060547,27.25,27.25,1502271
2021-10-19,27.399999618530273,27.700000762939453,24.5,24.850000381469727,24.850000381469727,1245753
2021-10-26,24.649999618530273,25.600000381469727,23.549999237060547,23.899999618530273,23.899999618530273,1031624
2021-11-02,24.350000381469727,25.299999237060547,23.799999237060547,24.649999618530273,24.649999618530273,624792
2021-11-09,24.950000762939453,27.75,24.5,25.350000381469727,25.350000381469727,2327559
2021-11-16,25.399999618530273,25.899999618530273,23.850000381469727,24.25,24.25,847966
2021-11-23,24.75,26.299999237060547,22.25,23.399999618530273,23.399999618530273,1303806
2021-11-30,23.950000762939453,24.600000381469727,23.149999618530273,23.700000762939453,23.700000762939453,845479
2021-12-07,24.0,29.200000762939453,24.0,26.549999237060547,26.549999237060547,4637716
2021-12-14,27.399999618530273,28.399999618530273,23.75,24.149999618530273,24.149999618530273,2401509
2021-12-21,24.200000762939453,26.5,24.049999237060547,25.049999237060547,25.049999237060547,1028003
2021-12-28,25.049999237060547,29.0,25.0,27.5,27.5,3807833
2022-01-04,27.950000762939453,36.70000076293945,27.75,33.45000076293945,33.45000076293945,18692105
2022-01-11,34.400001525878906,34.70000076293945,31.600000381469727,34.0,34.0,7321696
2022-01-18,34.45000076293945,36.400001525878906,30.100000381469727,30.950000762939453,30.950000762939453,8669398
2022-01-25,30.0,34.0,29.950000762939453,32.0,32.0,2649332
2022-02-01,32.25,35.45000076293945,31.0,34.25,34.25,4935019
2022-02-08,35.0,37.400001525878906,28.549999237060547,29.850000381469727,29.850000381469727,9392330
2022-02-15,29.850000381469727,31.850000381469727,27.649999618530273,28.149999618530273,28.149999618530273,3842427
2022-02-22,27.5,28.850000381469727,25.0,27.649999618530273,27.649999618530273,2882826
2022-03-01,27.649999618530273,29.200000762939453,27.0,28.5,28.5,2072722
2022-03-08,28.100000381469727,35.900001525878906,28.100000381469727,34.25,34.25,9235626
2022-03-15,34.25,34.79999923706055,31.850000381469727,32.75,32.75,3204613
2022-03-22,33.0,33.75,30.100000381469727,30.350000381469727,30.350000381469727,2853534
2022-03-29,30.549999237060547,31.899999618530273,28.75,31.649999618530273,31.649999618530273,2667966
2022-04-05,31.799999237060547,43.75,31.399999618530273,39.45000076293945,39.45000076293945,30062809
2022-04-12,39.54999923706055,40.849998474121094,36.349998474121094,39.349998474121094,39.349998474121094,9452012
2022-04-19,40.25,44.95000076293945,37.0,40.25,40.25,20283017
2022-04-26,41.400001525878906,41.54999923706055,35.650001525878906,36.70000076293945,36.70000076293945,3853904
2022-05-03,36.70000076293945,37.75,31.5,34.0,34.0,2364137
2022-05-10,33.400001525878906,34.95000076293945,29.0,31.950000762939453,31.950000762939453,2793980
2022-05-17,32.04999923706055,36.400001525878906,32.04999923706055,33.20000076293945,33.20000076293945,2998603
2022-05-24,33.75,33.75,28.200000762939453,30.75,30.75,3328609
2022-05-31,30.799999237060547,33.650001525878906,30.200000762939453,32.349998474121094,32.349998474121094,2648819
2022-06-07,32.349998474121094,33.400001525878906,29.149999618530273,29.450000762939453,29.450000762939453,1551558
2022-06-14,29.299999237060547,31.25,24.0,24.75,24.75,1699831
2022-06-21,25.299999237060547,28.799999237060547,25.100000381469727,28.200000762939453,28.200000762939453,1312615
2022-06-28,27.850000381469727,28.799999237060547,27.299999237060547,27.850000381469727,27.850000381469727,1016782
2022-07-05,27.899999618530273,29.700000762939453,27.100000381469727,29.25,29.25,1460636
2022-07-12,29.0,30.399999618530273,28.100000381469727,29.350000381469727,29.350000381469727,1055932
2022-07-19,29.450000762939453,31.799999237060547,29.200000762939453,29.649999618530273,29.649999618530273,1689110
2022-07-26,29.299999237060547,30.450000762939453,28.450000762939453,29.649999618530273,29.649999618530273,1146260
2022-08-02,29.75,30.899999618530273,28.649999618530273,28.899999618530273,28.899999618530273,1067586
2022-08-09,28.899999618530273,28.899999618530273,27.399999618530273,27.75,27.75,797774
2022-08-16,28.049999237060547,28.350000381469727,27.0,27.049999237060547,27.049999237060547,897232
2022-08-23,26.950000762939453,28.149999618530273,26.700000762939453,27.0,27.0,738001
2022-08-30,27.200000762939453,31.200000762939453,26.75,27.950000762939453,27.950000762939453,1188192
2022-09-06,28.200000762939453,31.200000762939453,28.049999237060547,29.049999237060547,29.049999237060547,2968734
2022-09-13,29.25,29.450000762939453,27.5,28.200000762939453,28.200000762939453,1374286
2022-09-20,28.200000762939453,29.899999618530273,25.25,26.100000381469727,26.100000381469727,2100397
2022-09-27,26.200000762939453,28.5,25.700000762939453,25.950000762939453,25.950000762939453,1426793
2022-10-04,26.149999618530273,28.0,26.0,27.149999618530273,27.149999618530273,953980
2022-10-11,27.350000381469727,28.450000762939453,26.0,26.149999618530273,26.149999618530273,990456
2022-10-18,26.149999618530273,26.450000762939453,25.799999237060547,26.0,26.0,427056
2022-10-25,26.399999618530273,26.399999618530273,25.200000762939453,25.299999237060547,25.299999237060547,447123
2022-11-01,25.600000381469727,26.399999618530273,25.350000381469727,25.950000762939453,25.950000762939453,767894
2022-11-08,25.950000762939453,26.200000762939453,24.850000381469727,24.899999618530273,24.899999618530273,667349
2022-11-15,24.899999618530273,26.899999618530273,22.700000762939453,25.049999237060547,25.049999237060547,1183394
2022-11-22,25.25,27.0,24.850000381469727,26.399999618530273,26.399999618530273,1202004
2022-11-29,26.600000381469727,28.149999618530273,25.950000762939453,27.600000381469727,27.600000381469727,1467921
2022-12-06,27.5,29.700000762939453,27.25,28.0,28.0,2237289
2022-12-13,28.25,35.349998474121094,27.700000762939453,33.150001525878906,33.150001525878906,10544819
2022-12-20,33.650001525878906,33.650001525878906,25.200000762939453,27.600000381469727,27.600000381469727,6147934
2022-12-27,28.600000381469727,32.70000076293945,28.100000381469727,30.600000381469727,30.600000381469727,6485133
2023-01-03,30.850000381469727,31.899999618530273,29.350000381469727,29.799999237060547,29.799999237060547,2356310
2023-01-10,30.0,30.899999618530273,29.200000762939453,29.700000762939453,29.700000762939453,1797024
2023-01-17,29.899999618530273,30.350000381469727,28.0,28.25,28.25,1081711
2023-01-24,28.649999618530273,28.950000762939453,26.0,26.600000381469727,26.600000381469727,1104609
2023-01-31,26.850000381469727,28.399999618530273,25.899999618530273,26.700000762939453,26.700000762939453,1045764
2023-02-07,26.799999237060547,29.049999237060547,26.0,27.850000381469727,27.850000381469727,927886
2023-02-14,29.5,29.5,26.350000381469727,26.5,26.5,1672113
2023-02-21,26.600000381469727,27.100000381469727,24.799999237060547,25.149999618530273,25.149999618530273,955243
2023-02-28,25.299999237060547,26.25,24.950000762939453,25.700000762939453,25.700000762939453,1043903
2023-03-07,25.700000762939453,29.100000381469727,25.600000381469727,26.100000381469727,26.100000381469727,3656626
2023-03-14,26.5,26.5,24.649999618530273,24.950000762939453,24.950000762939453,1192277
2023-03-21,25.25,25.899999618530273,24.149999618530273,24.25,24.25,1015527
2023-03-28,24.049999237060547,27.700000762939453,23.0,26.700000762939453,26.700000762939453,2211511
2023-04-04,26.700000762939453,28.75,26.600000381469727,27.950000762939453,27.950000762939453,1827724
2023-04-11,28.149999618530273,29.950000762939453,27.549999237060547,29.100000381469727,29.100000381469727,2775023
2023-04-18,29.100000381469727,30.350000381469727,28.350000381469727,28.799999237060547,28.799999237060547,3619077
